{
  "version": 6,

"configurePresets": [
{
  "name": "default",
  "binaryDir": "${sourceDir}/build",
  "cacheVariables": {
    "CMAKE_COMPILE_WARNING_AS_ERROR": true
  }
},
{
  "name": "multi", "inherits": "default",
  "displayName": "Ninja Multi-Config",
  "generator": "Ninja Multi-Config"
},
{
  "name": "debug", "inherits": "multi",
  "displayName": "For Ninja Multi-Config Debug build",
  "cacheVariables": {
    "CMAKE_COMPILE_WARNING_AS_ERROR": false
  }
}
],
"buildPresets": [
  {
    "name": "default",
    "configurePreset": "default"
  },
  {
    "name": "release",
    "configurePreset": "multi",
    "configuration": "Release"
  },
  {
    "name": "debug",
    "configurePreset": "debug",
    "configuration": "Debug"
  }
],
"testPresets": [
{
  "name": "default",
  "configurePreset": "default",
  "output": {
    "outputOnFailure": true,
    "verbosity": "verbose"
  },
  "execution": {
    "noTestsAction": "error",
    "scheduleRandom": true,
    "stopOnFailure": false,
    "timeout": 60
  }
},
{
  "name": "release", "inherits": "default",
  "configurePreset": "multi",
  "configuration": "Release"
},
{
  "name": "debug", "inherits": "default",
  "configurePreset": "debug",
  "configuration": "Debug"
}
],
"workflowPresets": [
  {
    "name": "default",
    "steps": [
      {
        "type": "configure",
        "name": "default"
      },
      {
        "type": "build",
        "name": "default"
      },
      {
        "type": "test",
        "name": "default"
      }
    ]
  },
  {
    "name": "debug",
    "steps": [
      {
        "type": "configure",
        "name": "debug"
      },
      {
        "type": "build",
        "name": "debug"
      },
      {
        "type": "test",
        "name": "debug"
      }
    ]
  },
  {
    "name": "release",
    "steps": [
      {
        "type": "configure",
        "name": "multi"
      },
      {
        "type": "build",
        "name": "release"
      },
      {
        "type": "test",
        "name": "release"
      }
    ]
  }
]
}
